{
    "sunDir": [4.15911, -5.70538, -18.7145],
    "sunColor": [0.999, 0.86, 0.60],
    "envColor": [1.0, 1.0, 1.0],
    "envForce": 1.0,
    "sunForce": 0.9
}